name,url,adress,phone,schedule,nb_reviews,global_rating,Food_rating,Service_rating,Value_rating,Atmosphere_rating,Meals_detail,FEATURES_detail,CUISINES_detail,Special Diets_detail,priceMin,priceMax
Agora,https://www.tripadvisor.in//Restaurant_Review-g196537-d3863537-Reviews-Agora-Vannes_Morbihan_Brittany.html,"19 Rue de la Boucherie, 56000, Vannes France",+33 2 97 61 50 90, Closed now: ,891,4.5,4.5,4.5,4.5,4.5,"Lunch, Dinner","Highchairs Available, Wheelchair Accessible, Free Wifi, Reservations, Seating, Serves Alcohol, Accepts Credit Cards, Table Service, Wine and Beer, Accepts Visa, Non-smoking restaurants, Gift Cards Available",,,29.0,68.0
Comme A La Maison,https://www.tripadvisor.in//Restaurant_Review-g196537-d12956316-Reviews-Comme_A_La_Maison-Vannes_Morbihan_Brittany.html,"6 Place du General de Gaulle, 56000, Vannes France",+33 2 97 54 16 64, Closed now: ,127,5.0,5.0,5.0,5.0,4.5,,,"French, Healthy",Vegan Options,12.0,30.0
Le Moi de Mets,https://www.tripadvisor.in//Restaurant_Review-g196537-d17539847-Reviews-Le_Moi_de_Mets-Vannes_Morbihan_Brittany.html,"19 Place Maurice Marchais, 56000, Vannes France",+33 2 97 47 17 29, Closed now: ,189,5.0,5.0,5.0,4.5,4.5,"Lunch, Dinner",,"French, European, Healthy",,15.0,37.0
Bvan,https://www.tripadvisor.in//Restaurant_Review-g196537-d24888111-Reviews-Bvan-Vannes_Morbihan_Brittany.html,,,,0,,,,,,,,,,,
Le Thika,https://www.tripadvisor.in//Restaurant_Review-g196537-d10230854-Reviews-Le_Thika-Vannes_Morbihan_Brittany.html,"11 bis Rue Thomas de Closmadeuc, 56000, Vannes France",+33 2 97 69 67 54, Open now: ,465,5.0,4.5,5.0,4.5,,,,"French, Fast food, European, Eastern European, Street Food",Vegetarian Friendly,8.0,14.0
La Tete En L'air,https://www.tripadvisor.in//Restaurant_Review-g196537-d8046689-Reviews-La_Tete_En_L_air-Vannes_Morbihan_Brittany.html,"43 rue de la Fontaine, 56000, Vannes France",+33 2 97 67 31 13, Closed now: ,765,5.0,5.0,4.5,4.5,5.0,,,"French, European, Contemporary","Vegetarian Friendly, Vegan Options, Gluten Free Options",45.0,105.0
Le sous-sol,https://www.tripadvisor.in//Restaurant_Review-g196537-d14019755-Reviews-Le_sous_sol-Vannes_Morbihan_Brittany.html,"15 Place Maurice Marchais, 56000, Vannes France",+33 2 97 47 69 82, Closed now: ,232,5.0,5.0,5.0,4.5,5.0,"Lunch, Dinner, Drinks",,"French, Healthy",,11.0,40.0
Basilic & Co Vannes,https://www.tripadvisor.in//Restaurant_Review-g196537-d13961876-Reviews-Basilic_Co_Vannes-Vannes_Morbihan_Brittany.html,"27 rue Joseph le Brix, 56000, Vannes France",+33 2 97 47 31 34, Closed now: ,611,5.0,4.5,4.5,4.5,,,,"Pizza, European","Vegetarian Friendly, Vegan Options",9.0,15.0
La Gourmandiere,https://www.tripadvisor.in//Restaurant_Review-g196537-d1331669-Reviews-La_Gourmandiere-Vannes_Morbihan_Brittany.html,"Rue du Poignant, 56000, Vannes France",+33 2 97 47 16 13, Open now: ,563,4.5,4.5,4.5,4.5,4.0,"Lunch, Dinner",,"French, European",,55.0,75.0
La Creperie Sarra'Zen,https://www.tripadvisor.in//Restaurant_Review-g196537-d8440918-Reviews-La_Creperie_Sarra_Zen-Vannes_Morbihan_Brittany.html,"21 rue Noe Place du Poids Public, 56000, Vannes France",+33 2 97 68 11 16, Closed now: ,260,5.0,4.5,4.5,4.5,4.5,,,"French, European","Vegetarian Friendly, Vegan Options",10.0,20.0
La Source,https://www.tripadvisor.in//Restaurant_Review-g196537-d1331672-Reviews-La_Source-Vannes_Morbihan_Brittany.html,,,,0,,,,,,,,,,,
Afghan Cafe,https://www.tripadvisor.in//Restaurant_Review-g196537-d967563-Reviews-Afghan_Cafe-Vannes_Morbihan_Brittany.html,"12 rue de la Fontaine, 56000, Vannes France",+33 2 97 42 77 77, Closed now: ,485,4.5,4.5,4.5,4.5,4.0,,,"Middle Eastern, Afghan","Vegetarian Friendly, Vegan Options",20.0,28.0
Le temps d'une Crepe,https://www.tripadvisor.in//Restaurant_Review-g1158736-d5598289-Reviews-Le_temps_d_une_Crepe-Ploeren_Vannes_Morbihan_Brittany.html,"9 Lieu Dit Belean, 56880 Ploeren, Vannes France",+33 2 97 46 02 71, Closed now: ,538,4.5,4.5,4.5,4.5,4.5,,,"French, European","Vegetarian Friendly, Vegan Options",6.0,25.0
La Table Kopins Kopines,https://www.tripadvisor.in//Restaurant_Review-g196537-d21231165-Reviews-La_Table_Kopins_Kopines-Vannes_Morbihan_Brittany.html,"13 Place Maurice Marchais, 56000, Vannes France",+33 2 97 47 69 91, Closed now: ,184,4.5,4.5,4.5,4.0,4.0,"Lunch, Dinner",,"Italian, French, Healthy",,8.0,21.0
Bibo Vino,https://www.tripadvisor.in//Restaurant_Review-g196537-d10733703-Reviews-Bibo_Vino-Vannes_Morbihan_Brittany.html,,,,0,,,,,,,,,,,
Le Roscanvec Restaurant & Chambres,https://www.tripadvisor.in//Restaurant_Review-g196537-d807168-Reviews-Le_Roscanvec_Restaurant_Chambres-Vannes_Morbihan_Brittany.html,"19 rue des Halles, 56000, Vannes France",+33 2 97 47 15 96, Closed now: ,788,4.5,4.5,4.5,4.0,4.0,,,"French, European","Vegetarian Friendly, Gluten Free Options",40.0,110.0
Empreinte,https://www.tripadvisor.in//Restaurant_Review-g196537-d16708031-Reviews-Empreinte-Vannes_Morbihan_Brittany.html,"Place Valencia, 56000, Vannes France",+33 2 97 46 06 42, Closed now: ,125,5.0,5.0,5.0,5.0,,"Lunch, Dinner","Reservations, Seating, Serves Alcohol, Table Service","French, Healthy",,,
Creperie Saint-Guenhael,https://www.tripadvisor.in//Restaurant_Review-g196537-d2262415-Reviews-Creperie_Saint_Guenhael-Vannes_Morbihan_Brittany.html,"23 rue Saint-Guenhael, 56000, Vannes France",+33 2 97 47 47 94, Closed now: ,348,4.5,4.5,4.5,4.5,4.5,"Lunch, Dinner",,"French, European","Vegetarian Friendly, Vegan Options",,
Le Vent d'Est,https://www.tripadvisor.in//Restaurant_Review-g196537-d2508256-Reviews-Le_Vent_d_Est-Vannes_Morbihan_Brittany.html,"21 rue Ferdinand le Dressay, 56000, Vannes France",+33 2 97 01 34 53, Closed now: ,475,4.5,4.5,4.5,4.5,4.5,"Lunch, Dinner, After-hours",,"French, European",Vegetarian Friendly,,
Chez la Mere 6 Sous,https://www.tripadvisor.in//Restaurant_Review-g196537-d3680556-Reviews-Chez_la_Mere_6_Sous-Vannes_Morbihan_Brittany.html,"11 rue Thomas de Closmadeuc, 56000, Vannes France",+33 2 97 01 93 67, Closed now: ,1043,4.5,4.5,4.5,4.5,5.0,"Lunch, Dinner, Drinks","Reservations, Seating, Wheelchair Accessible, Serves Alcohol, Wine and Beer, Accepts Mastercard, Accepts Visa, Accepts Credit Cards, Table Service","French, Healthy",,,
Rive Gauche,https://www.tripadvisor.in//Restaurant_Review-g196537-d1045278-Reviews-Rive_Gauche-Vannes_Morbihan_Brittany.html,"5 Place Gambetta, 56000, Vannes France",+33 2 97 47 02 40, Closed now: ,535,4.5,4.5,4.5,4.0,4.0,"Lunch, Dinner, After-hours",,"French, European",,14.0,42.0
Le Homard Frites Vannes,https://www.tripadvisor.in//Restaurant_Review-g196537-d7381545-Reviews-Le_Homard_Frites_Vannes-Vannes_Morbihan_Brittany.html,"5 Place de Stalingrad, 56000, Vannes France",+33 6 60 21 65 28, Closed now: ,838,4.5,4.5,4.5,4.5,4.5,"Lunch, Dinner, Drinks",,"French, Seafood, European, Healthy",,20.0,70.0
L'Eden,https://www.tripadvisor.in//Restaurant_Review-g196537-d1331884-Reviews-L_Eden-Vannes_Morbihan_Brittany.html,"3 rue Pasteur, 56000, Vannes France",+33 2 97 46 42 62, Open now: ,531,4.5,4.5,4.5,4.5,4.0,,,"French, Healthy, Gastropub, Dining bars",Vegetarian Friendly,14.0,32.0
Le Tandem,https://www.tripadvisor.in//Restaurant_Review-g196537-d8631426-Reviews-Le_Tandem-Vannes_Morbihan_Brittany.html,,,,0,,,,,,,,,,,
L'Annexe,https://www.tripadvisor.in//Restaurant_Review-g196537-d2666388-Reviews-L_Annexe-Vannes_Morbihan_Brittany.html,"18 rue Emile Burgault, 56000, Vannes France",+33 2 97 42 58 85, Closed now: ,578,4.5,4.5,4.0,4.0,4.0,,,"French, Contemporary","Vegetarian Friendly, Vegan Options",19.0,65.0
Le Coq a L'Ane,https://www.tripadvisor.in//Restaurant_Review-g196537-d4379381-Reviews-Le_Coq_a_L_Ane-Vannes_Morbihan_Brittany.html,"17 Place du General de Gaulle, 56000, Vannes France",+33 2 90 99 29 38, Closed now: ,345,4.5,4.5,4.5,4.5,4.5,"Lunch, Dinner",,"French, European","Vegetarian Friendly, Vegan Options, Gluten Free Options",,
Iode,https://www.tripadvisor.in//Restaurant_Review-g196537-d20133914-Reviews-Iode-Vannes_Morbihan_Brittany.html,"9 rue Aristide Briand, 56000, Vannes France",+33 2 97 47 76 14, Closed now: ,117,5.0,4.5,4.5,4.5,,"Lunch, Dinner",,"French, Healthy",,29.0,85.0
A L'Image Sainte-Anne,https://www.tripadvisor.in//Restaurant_Review-g196537-d4088209-Reviews-A_L_Image_Sainte_Anne-Vannes_Morbihan_Brittany.html,"8 Place de la Liberation, 56000, Vannes France",+33 2 97 63 27 36, Closed now: ,336,4.5,4.5,4.5,4.5,4.0,"Breakfast, Lunch, Dinner, Drinks",,"French, European, Gastropub",,17.0,37.0
Sushiya,https://www.tripadvisor.in//Restaurant_Review-g196537-d3456724-Reviews-Sushiya-Vannes_Morbihan_Brittany.html,"13 rue Thomas de Closmadeuc, 56000, Vannes France",+33 9 83 29 03 15, Closed now: ,760,4.5,4.5,4.5,4.0,4.0,,,"Japanese, Sushi, Asian","Vegetarian Friendly, Vegan Options, Gluten Free Options",13.0,24.0
Creperie du port,https://www.tripadvisor.in//Restaurant_Review-g196537-d2320451-Reviews-Creperie_du_port-Vannes_Morbihan_Brittany.html,"32 rue du Port, 56000, Vannes France",+33 2 97 43 40 57, Closed now: ,752,4.5,4.0,4.0,4.0,4.0,,,French,"Vegetarian Friendly, Vegan Options",15.0,29.0
Creperie Billig Breizh,https://www.tripadvisor.in//Restaurant_Review-g196537-d5541881-Reviews-Creperie_Billig_Breizh-Vannes_Morbihan_Brittany.html,"4 Place Theodore Decker, 56000, Vannes France",0033297636553, Closed now: ,755,4.5,4.5,4.5,4.5,4.0,"Lunch, Dinner",,"French, European, Healthy",Vegetarian Friendly,,
La P'tite Souris,https://www.tripadvisor.in//Restaurant_Review-g196537-d3359921-Reviews-La_P_tite_Souris-Vannes_Morbihan_Brittany.html,"36 rue du Port, 56000, Vannes France",+33 2 97 47 15 90, Closed now: ,1115,4.5,4.5,4.5,4.5,4.0,"Lunch, Dinner",,"French, European, Healthy",Vegetarian Friendly,,
Fabbrica Pizza,https://www.tripadvisor.in//Restaurant_Review-g196537-d10263220-Reviews-Fabbrica_Pizza-Vannes_Morbihan_Brittany.html,"5 rue Winston Churchill, 56000, Vannes France",+33 2 97 53 12 69, Closed now: ,202,5.0,5.0,4.5,5.0,,,,"Italian, Pizza",Vegetarian Friendly,6.0,15.0
Derriere,https://www.tripadvisor.in//Restaurant_Review-g196537-d9867333-Reviews-Derriere-Vannes_Morbihan_Brittany.html,,,,0,,,,,,,,,,,
Dan Ewen,https://www.tripadvisor.in//Restaurant_Review-g196537-d967566-Reviews-Dan_Ewen-Vannes_Morbihan_Brittany.html,"3 Place du General de Gaulle Quartier Saint Patern, 56000, Vannes France",+33 2 97 42 44 34, Closed now: ,901,4.5,4.5,4.0,4.5,4.0,,,"French, Healthy","Vegetarian Friendly, Gluten Free Options",7.0,20.0
Le Comptoir du Port,https://www.tripadvisor.in//Restaurant_Review-g196537-d2231894-Reviews-Le_Comptoir_du_Port-Vannes_Morbihan_Brittany.html,"8 rue du Port, 56000, Vannes France",+33 2 97 47 93 38, Open now: ,479,4.5,4.5,4.5,4.5,4.5,,,"French, European",Vegetarian Friendly,8.0,15.0
Daily Gourmand,https://www.tripadvisor.in//Restaurant_Review-g196537-d6690601-Reviews-Daily_Gourmand-Vannes_Morbihan_Brittany.html,,,,0,,,,,,,,,,,
Piano Barge,https://www.tripadvisor.in//Restaurant_Review-g196537-d4827408-Reviews-Piano_Barge-Vannes_Morbihan_Brittany.html,,,,0,,,,,,,,,,,
Les Oliviers,https://www.tripadvisor.in//Restaurant_Review-g196537-d3350638-Reviews-Les_Oliviers-Vannes_Morbihan_Brittany.html,"60 avenue de Verdun, 56000, Vannes France",+33 2 97 54 64 99, Closed now: ,131,4.5,4.5,4.5,4.5,4.0,"Lunch, Dinner",,French,,22.0,30.0
Balade en Crepanie,https://www.tripadvisor.in//Restaurant_Review-g196537-d1487977-Reviews-Balade_en_Crepanie-Vannes_Morbihan_Brittany.html,,,,0,,,,,,,,,,,
La Table de Jeanne,https://www.tripadvisor.in//Restaurant_Review-g196537-d967569-Reviews-La_Table_de_Jeanne-Vannes_Morbihan_Brittany.html,,,,0,,,,,,,,,,,
Signe Lecocq,https://www.tripadvisor.in//Restaurant_Review-g196537-d7289242-Reviews-Signe_Lecocq-Vannes_Morbihan_Brittany.html,"5 rue Saint Vincent, 56000, Vannes France",+33 2 97 54 19 17, Closed now: ,676,4.0,4.5,4.0,4.0,4.0,"Lunch, Dinner",,"Healthy, Gastropub","Vegetarian Friendly, Vegan Options",,
Atypic,https://www.tripadvisor.in//Restaurant_Review-g196537-d21141620-Reviews-Atypic-Vannes_Morbihan_Brittany.html,"15 Bis, Rue Noe, 56000, Vannes France",+33 2 97 47 82 19, Closed now: ,98,4.5,4.5,4.5,4.5,,"Lunch, Dinner","Reservations, Seating, Serves Alcohol, Table Service","French, Healthy",,,
Au Pont Vert,https://www.tripadvisor.in//Restaurant_Review-g196537-d2480086-Reviews-Au_Pont_Vert-Vannes_Morbihan_Brittany.html,"40 av du Mal de Lattre de Tassigny, 56000, Vannes France",+33 2 97 40 80 13, Closed now: ,190,4.5,4.5,4.5,4.5,4.0,"Lunch, Dinner",,French,,15.0,23.0
Cosy,https://www.tripadvisor.in//Restaurant_Review-g196537-d4044088-Reviews-Cosy-Vannes_Morbihan_Brittany.html,"2 Place Maurice Marchais, 56000, Vannes France",+33 2 97 47 63 93, Closed now: ,412,4.0,4.0,4.0,4.0,4.0,"Lunch, Dinner, After-hours",,"Italian, French, European","Vegetarian Friendly, Vegan Options",,
Ryoko - Comptoir A Ramen,https://www.tripadvisor.in//Restaurant_Review-g196537-d23197770-Reviews-Ryoko_Comptoir_A_Ramen-Vannes_Morbihan_Brittany.html,,,,0,,,,,,,,,,,
Les 3 singes,https://www.tripadvisor.in//Restaurant_Review-g196537-d17389197-Reviews-Les_3_singes-Vannes_Morbihan_Brittany.html,"4 Place Bir Hakeim, 56000, Vannes France",+33 2 56 63 61 23, Closed now: ,83,5.0,4.5,4.5,4.0,,"Lunch, Dinner","Reservations, Seating, Serves Alcohol, Table Service","French, Healthy",,,
Chez Mone,https://www.tripadvisor.in//Restaurant_Review-g196537-d6857596-Reviews-Chez_Mone-Vannes_Morbihan_Brittany.html,"30 rue Thiers, 56000, Vannes France",+33 2 97 54 32 06,,172,4.5,4.5,4.5,4.0,4.5,"Lunch, Dinner",,"Asian, Thai, Vietnamese",Vegetarian Friendly,,
Creperie La Taupiniere,https://www.tripadvisor.in//Restaurant_Review-g196537-d1331673-Reviews-Creperie_La_Taupiniere-Vannes_Morbihan_Brittany.html,"9 Place des Lices, 56000, Vannes France",+33 2 97 42 57 82,,217,4.5,4.5,4.5,4.5,4.0,"Lunch, Dinner",,French,Vegetarian Friendly,,
La Nonna Lilia,https://www.tripadvisor.in//Restaurant_Review-g196537-d12859315-Reviews-La_Nonna_Lilia-Vannes_Morbihan_Brittany.html,"11 rue Thomas de Closmadeuc, 56000, Vannes France",+33 9 86 65 59 80, Closed now: ,208,4.5,4.5,4.5,4.0,,"Lunch, Dinner",,"Italian, Pizza, Tuscan, Romana, Lazio, Central-Italian","Vegetarian Friendly, Vegan Options",,
Le Petit Refuge,https://www.tripadvisor.in//Restaurant_Review-g196537-d4451937-Reviews-Le_Petit_Refuge-Vannes_Morbihan_Brittany.html,"2 rue Thomas de Closmadeuc, 56000, Vannes France",+33 9 67 02 71 38, Closed now: ,190,4.5,4.5,4.5,4.5,4.5,,,"French, Healthy, European",Vegetarian Friendly,9.0,13.0
Le Bagel Ouest,https://www.tripadvisor.in//Restaurant_Review-g196537-d7356125-Reviews-Le_Bagel_Ouest-Vannes_Morbihan_Brittany.html,,,,0,,,,,,,,,,,
Saveurs de l'Inde,https://www.tripadvisor.in//Restaurant_Review-g196537-d8452355-Reviews-Saveurs_de_l_Inde-Vannes_Morbihan_Brittany.html,,,,0,,,,,,,,,,,
Le P'tit Belon,https://www.tripadvisor.in//Restaurant_Review-g196537-d8575140-Reviews-Le_P_tit_Belon-Vannes_Morbihan_Brittany.html,"3 Place de la Poissonnerie, 56000, Vannes France",+33 2 97 43 24 16, Closed now: ,238,4.5,4.5,4.5,4.5,,"Lunch, Dinner",,French,,7.0,30.0
L'EntreChoc,https://www.tripadvisor.in//Restaurant_Review-g196537-d5889240-Reviews-L_EntreChoc-Vannes_Morbihan_Brittany.html,"3 rue Saint Guenhael, 56000, Vannes France",+33 9 50 66 93 95, Closed now: ,212,4.5,4.5,4.5,4.5,4.5,"Lunch, Brunch, Drinks",,"French, European","Vegetarian Friendly, Vegan Options, Gluten Free Options",,
L'Antre de Nous,https://www.tripadvisor.in//Restaurant_Review-g1158736-d16785766-Reviews-L_Antre_de_Nous-Ploeren_Vannes_Morbihan_Brittany.html,"7 avenue Eric Tabarly, 56880 Ploeren, Vannes France",+33 2 97 69 37 18, Closed now: ,76,5.0,5.0,5.0,5.0,,"Lunch, Dinner",,French,,13.0,27.0
L'Accord Gourmet,https://www.tripadvisor.in//Restaurant_Review-g196537-d12391074-Reviews-L_Accord_Gourmet-Vannes_Morbihan_Brittany.html,"17 rue Hoche, 56000, Vannes France",+33 9 81 62 34 20, Closed now: ,88,4.5,5.0,5.0,4.5,,,,"French, European, Gastropub","Vegetarian Friendly, Vegan Options, Gluten Free Options",15.0,25.0
Le Rozili,https://www.tripadvisor.in//Restaurant_Review-g196537-d4814746-Reviews-Le_Rozili-Vannes_Morbihan_Brittany.html,,,,0,,,,,,,,,,,
Creperie Au Vieux Vannes,https://www.tripadvisor.in//Restaurant_Review-g196537-d4427916-Reviews-Creperie_Au_Vieux_Vannes-Vannes_Morbihan_Brittany.html,"17 rue Emile Burgault, 56000, Vannes France",+33 2 97 47 12 62, Closed now: ,456,4.0,4.0,4.0,4.0,4.0,"Lunch, Dinner",,"French, Healthy",Vegetarian Friendly,,
Creperie St Vincent,https://www.tripadvisor.in//Restaurant_Review-g196537-d2256571-Reviews-Creperie_St_Vincent-Vannes_Morbihan_Brittany.html,,,,0,,,,,,,,,,,
Le District,https://www.tripadvisor.in//Restaurant_Review-g196537-d13834713-Reviews-Le_District-Vannes_Morbihan_Brittany.html,"13 rue Thomas de Closmadeuc, 56000, Vannes France",+33 2 97 41 93 05, Closed now: ,55,5.0,5.0,5.0,5.0,,,,"French, American",Vegetarian Friendly,9.0,20.0
La Brasserie Bleue,https://www.tripadvisor.in//Restaurant_Review-g196537-d1868348-Reviews-La_Brasserie_Bleue-Vannes_Morbihan_Brittany.html,,,,0,,,,,,,,,,,
Creperie Brasserie Le Moulin du Roy,https://www.tripadvisor.in//Restaurant_Review-g196537-d6922826-Reviews-Creperie_Brasserie_Le_Moulin_du_Roy-Vannes_Morbihan_Brittany.html,"14 Place Gambetta, 56000, Vannes France",+33 2 97 61 52 78, Closed now: ,570,4.0,4.0,4.0,4.0,4.0,"Lunch, Dinner",,"French, European",Vegetarian Friendly,,
Chez Marcelle,https://www.tripadvisor.in//Restaurant_Review-g196537-d21118834-Reviews-Chez_Marcelle-Vannes_Morbihan_Brittany.html,"13 rue Saint Guenhael, 56000, Vannes France",+33 2 97 49 70 95, Closed now: ,62,4.5,5.0,5.0,4.5,,"Lunch, Dinner, After-hours, Drinks",,"French, Healthy",,6.0,32.0
Restaurant Indien L’Indus,https://www.tripadvisor.in//Restaurant_Review-g196537-d19911488-Reviews-Restaurant_Indien_L_Indus-Vannes_Morbihan_Brittany.html,"49 rue de la Fontaine, 56000, Vannes France",+33 2 97 47 67 86, Closed now: ,66,4.5,4.5,4.0,4.0,,"Lunch, Dinner",,"Indian, Pakistani, Healthy",,11.0,32.0
Karpa,https://www.tripadvisor.in//Restaurant_Review-g196537-d3537275-Reviews-Karpa-Vannes_Morbihan_Brittany.html,"28 rue du Port, 56000, Vannes France",+33 2 97 47 48 34, Closed now: ,623,4.0,4.0,4.0,4.0,4.0,"Lunch, Dinner, After-hours",,"Italian, French, European",Vegetarian Friendly,,
Delice Cafe Vannes,https://www.tripadvisor.in//Restaurant_Review-g196537-d3977871-Reviews-Delice_Cafe_Vannes-Vannes_Morbihan_Brittany.html,"7 Place des Lices, 56000, Vannes France",+33 2 97 54 23 31, Open now: ,189,4.0,4.0,4.5,4.0,4.0,"Breakfast, Lunch, Drinks","Reservations, Outdoor Seating, Seating, Wheelchair Accessible, Serves Alcohol, Table Service","French, Cafe, European",,,
Don Camillo,https://www.tripadvisor.in//Restaurant_Review-g196537-d3531484-Reviews-Don_Camillo-Vannes_Morbihan_Brittany.html,"20 rue du Port, 56000, Vannes France",+33 2 97 54 04 38, Closed now: ,252,4.0,4.0,4.0,4.0,4.0,"Lunch, Dinner, After-hours",,"Italian, Pizza","Vegetarian Friendly, Vegan Options",,
Le Cafe des Orfevres,https://www.tripadvisor.in//Restaurant_Review-g196537-d14215556-Reviews-Le_Cafe_des_Orfevres-Vannes_Morbihan_Brittany.html,"18 rue des Vierges, 56000, Vannes France",+33 2 57 96 02 55, Closed now: ,60,4.5,4.0,4.5,4.0,,"Breakfast, Lunch, Brunch, Drinks",,"Cafe, French, European, Healthy","Vegetarian Friendly, Vegan Options",,
Sushi Pearl,https://www.tripadvisor.in//Restaurant_Review-g196537-d8540314-Reviews-Sushi_Pearl-Vannes_Morbihan_Brittany.html,"7 rue Alain le grand Quartier Saint Patern, 56000, Vannes France",+33 2 97 54 35 96, Closed now: ,128,4.0,4.5,4.0,4.0,,,,"Japanese, Sushi, Asian","Vegetarian Friendly, Vegan Options",14.0,35.0
Pizzeria Villa Romana,https://www.tripadvisor.in//Restaurant_Review-g196537-d2249243-Reviews-Pizzeria_Villa_Romana-Vannes_Morbihan_Brittany.html,,,,0,,,,,,,,,,,
1930 Conleau,https://www.tripadvisor.in//Restaurant_Review-g196537-d20990029-Reviews-1930_Conleau-Vannes_Morbihan_Brittany.html,"3 allee des Freres Cadoret, 56000, Vannes France",+33 2 97 26 25 68, Closed now: ,151,4.0,4.5,4.5,4.0,,"Lunch, Dinner, After-hours, Drinks",,"Seafood, Dining bars, Bar, Healthy, French",,12.0,30.0
L'Atlantique,https://www.tripadvisor.in//Restaurant_Review-g196537-d886887-Reviews-L_Atlantique-Vannes_Morbihan_Brittany.html,,,,0,,,,,,,,,,,
La Porte de l'Inde,https://www.tripadvisor.in//Restaurant_Review-g196537-d3605611-Reviews-La_Porte_de_l_Inde-Vannes_Morbihan_Brittany.html,"51 rue du Marechal Leclerc, 56000, Vannes France",+33 2 97 63 88 04,,128,4.0,4.0,4.0,4.0,3.5,"Lunch, Dinner",,Indian,"Vegetarian Friendly, Vegan Options",,
Kergalette,https://www.tripadvisor.in//Restaurant_Review-g196537-d4240834-Reviews-Kergalette-Vannes_Morbihan_Brittany.html,"10 rue Jacques Rueff, 56000, Vannes France",+33 2 97 46 27 12, Open now: ,304,3.5,3.5,4.0,3.5,3.5,"Lunch, Dinner",,French,Vegetarian Friendly,,
Bar l Ocean,https://www.tripadvisor.in//Restaurant_Review-g196537-d2351069-Reviews-Bar_l_Ocean-Vannes_Morbihan_Brittany.html,"4 Place Gambetta, 56000, Vannes France",+33 2 97 47 00 10, Open now: ,468,3.5,4.0,4.0,4.0,4.0,"Lunch, Dinner, After-hours",,"French, International, Contemporary, Dining bars",,8.0,17.0
Chez Woody,https://www.tripadvisor.in//Restaurant_Review-g196537-d17521172-Reviews-Chez_Woody-Vannes_Morbihan_Brittany.html,,,,0,,,,,,,,,,,
Aigle Celeste,https://www.tripadvisor.in//Restaurant_Review-g196537-d12322514-Reviews-Aigle_Celeste-Vannes_Morbihan_Brittany.html,"30 rue Gay Lussac, 56000, Vannes France",+33 2 97 67 88 88, Closed now: ,260,4.0,4.0,4.0,4.0,,"Lunch, Dinner",,"Chinese, Japanese, Asian, Thai",Vegetarian Friendly,,
L'Hortensia,https://www.tripadvisor.in//Restaurant_Review-g196537-d3751721-Reviews-L_Hortensia-Vannes_Morbihan_Brittany.html,"18 Rue Sainte Brigitte Noyalo, 56450, Vannes France",+33 2 97 43 02 00,,116,4.5,4.5,4.5,4.0,4.0,"Lunch, Dinner","Takeout, Reservations, Seating, Wheelchair Accessible, Table Service, Outdoor Seating, Private Dining, Serves Alcohol",French,,,
Les Petites Bretonnes,https://www.tripadvisor.in//Restaurant_Review-g196537-d10955592-Reviews-Les_Petites_Bretonnes-Vannes_Morbihan_Brittany.html,"8 rue Thomas de Closmadeuc, 56000, Vannes France",+33 2 97 54 10 50, Closed now: ,189,4.0,4.0,4.0,4.0,,,,French,Vegetarian Friendly,6.0,15.0
Le Bistrot de Jeanne,https://www.tripadvisor.in//Restaurant_Review-g196537-d13387803-Reviews-Le_Bistrot_de_Jeanne-Vannes_Morbihan_Brittany.html,"17 Place du Poids Public, 56000, Vannes France",+33 2 97 43 88 82, Closed now: ,269,4.0,4.0,4.0,3.5,,"Lunch, Dinner","Reservations, Seating, Wheelchair Accessible, Serves Alcohol, Full Bar, Accepts Credit Cards, Table Service","French, Bar, Cafe, European, Diner",,,
In Bovino Veritas,https://www.tripadvisor.in//Restaurant_Review-g196537-d26251362-Reviews-In_Bovino_Veritas-Vannes_Morbihan_Brittany.html,,,,0,,,,,,,,,,,
L'Escale,https://www.tripadvisor.in//Restaurant_Review-g196537-d13447149-Reviews-L_Escale-Vannes_Morbihan_Brittany.html,"6 Place Gambetta, 56000, Vannes France",+33 9 67 49 82 08, Open now: ,186,4.0,4.0,4.0,4.0,,"Lunch, Drinks",,"Cafe, Wine Bar, Gastropub, French, Fast food",,12.0,20.0
Villa Valencia,https://www.tripadvisor.in//Restaurant_Review-g196537-d1021923-Reviews-Villa_Valencia-Vannes_Morbihan_Brittany.html,"3 rue Bienheureux P Rene Rogue, 56000, Vannes France",+33 2 97 54 96 54, Closed now: ,711,3.5,3.5,3.5,3.5,3.5,,,"Italian, French, European",Vegetarian Friendly,15.0,22.0
Restaurant Le Roof,https://www.tripadvisor.in//Restaurant_Review-g196537-d4341353-Reviews-Restaurant_Le_Roof-Vannes_Morbihan_Brittany.html,"10 allee des Freres Cadoret Presqu'île de Conleau, 56000, Vannes France",+33 2 97 63 47 47, Closed now: ,378,3.5,3.5,4.0,3.5,3.5,"Drinks, Breakfast, Lunch, Dinner","Reservations, Outdoor Seating, Seating, Parking Available, Validated Parking, Highchairs Available, Wheelchair Accessible, Serves Alcohol, Full Bar, Free Wifi, Accepts Credit Cards, Table Service, Private Dining","French, European",,,
Oscar Lunch Diner,https://www.tripadvisor.in//Restaurant_Review-g196537-d4411766-Reviews-Oscar_Lunch_Diner-Vannes_Morbihan_Brittany.html,"6 rue Gay Lussac, 56000, Vannes France",+33 2 97 46 48 66, Closed now: ,135,4.0,4.0,4.0,4.0,3.5,"Lunch, Dinner, After-hours","Reservations, Seating, Wheelchair Accessible, Serves Alcohol, Accepts Credit Cards, Table Service, Full Bar",French,,,
My Thailand,https://www.tripadvisor.in//Restaurant_Review-g196537-d16696382-Reviews-My_Thailand-Vannes_Morbihan_Brittany.html,,,,0,,,,,,,,,,,
Le Sixtine,https://www.tripadvisor.in//Restaurant_Review-g196537-d14013129-Reviews-Le_Sixtine-Vannes_Morbihan_Brittany.html,"17 rue Saint Guenhael, 56000, Vannes France",+33 2 90 79 09 34,,45,4.5,4.5,5.0,4.5,,"Lunch, Brunch, Breakfast",,French,Vegetarian Friendly,,
L'Atelier Bistrot,https://www.tripadvisor.in//Restaurant_Review-g196537-d21374158-Reviews-L_Atelier_Bistrot-Vannes_Morbihan_Brittany.html,"5 rue de la Monnaie, 56000, Vannes France",+33 2 97 54 31 18, Closed now: ,21,5.0,5.0,5.0,4.5,,"Lunch, Breakfast, Dinner, After-hours, Drinks",,"French, Bar, Cafe, European, Dining bars, Healthy",,10.0,30.0
My Couscous,https://www.tripadvisor.in//Restaurant_Review-g196537-d22954088-Reviews-My_Couscous-Vannes_Morbihan_Brittany.html,"9 Passage de Fareham, 56000, Vannes France",+33 2 97 26 62 60, Closed now: ,22,5.0,5.0,5.0,5.0,,"Lunch, Dinner, After-hours","Takeout, Reservations, Delivery","Algerian, Moroccan, Mediterranean, Middle Eastern, Tunisian",,,
L’ardoise,https://www.tripadvisor.in//Restaurant_Review-g196537-d17780603-Reviews-L_ardoise-Vannes_Morbihan_Brittany.html,"25 B rue du Marechal Leclerc, 56000, Vannes France",+33 9 51 73 27 66, Closed now: ,42,4.5,5.0,4.5,4.5,,"Lunch, Dinner","Reservations, Seating, Serves Alcohol, Table Service","French, Healthy",,,
Le Scoop,https://www.tripadvisor.in//Restaurant_Review-g196537-d1331883-Reviews-Le_Scoop-Vannes_Morbihan_Brittany.html,"60 rue Theophraste Renaudot, 56000, Vannes France",+33 2 97 40 39 77, Closed now: ,77,4.0,4.0,4.5,4.5,,Lunch,"Reservations, Seating, Wheelchair Accessible, Serves Alcohol, Table Service","French, Bar, Pub",,,
Buns - Vannes,https://www.tripadvisor.in//Restaurant_Review-g196537-d25071640-Reviews-Buns_Vannes-Vannes_Morbihan_Brittany.html,,,,0,,,,,,,,,,,
Cinque5se,https://www.tripadvisor.in//Restaurant_Review-g196537-d24104448-Reviews-Cinque5se-Vannes_Morbihan_Brittany.html,,,,0,,,,,,,,,,,
Pizzeria Grill Capri,https://www.tripadvisor.in//Restaurant_Review-g196537-d4261458-Reviews-Pizzeria_Grill_Capri-Vannes_Morbihan_Brittany.html,"11 Place de la Liberation 56000, 56000, Vannes France",+33 2 97 40 32 33, Closed now: ,81,4.0,4.0,4.0,4.0,3.5,"Lunch, Dinner",,European,Vegetarian Friendly,,
Chez Fred,https://www.tripadvisor.in//Restaurant_Review-g196537-d12458087-Reviews-Chez_Fred-Vannes_Morbihan_Brittany.html,"29 Place des Lices, 56000, Vannes France",+33 6 33 34 62 35, Closed now: ,36,4.5,3.5,4.0,3.5,,"After-hours, Drinks, Lunch","Outdoor Seating, Seating, Serves Alcohol, Full Bar, Wine and Beer, Accepts American Express, Accepts Mastercard, Accepts Visa, Digital Payments, Table Service, Highchairs Available","French, Wine Bar, Bar",,,
Le Corlazo,https://www.tripadvisor.in//Restaurant_Review-g196537-d8488838-Reviews-Le_Corlazo-Vannes_Morbihan_Brittany.html,"5 Allee du Dr Francois Salomon 5min From The City Center Close To The Beach And Pool, 56000, Vannes France",+33 2 97 63 24 43, Closed now: ,286,3.5,3.5,3.5,3.5,,"Lunch, Drinks",,French,,13.0,23.0
insTinct,https://www.tripadvisor.in//Restaurant_Review-g196537-d25976775-Reviews-InsTinct-Vannes_Morbihan_Brittany.html,"11, Place de la Liberation, 56000, Vannes France",+33 2 97 26 92 40,,37,4.5,4.5,4.5,4.0,4.0,"Lunch, Dinner","Reservations, Table Service, Seating",French,,,
Au Tableau,https://www.tripadvisor.in//Restaurant_Review-g196537-d3916427-Reviews-Au_Tableau-Vannes_Morbihan_Brittany.html,"7 rue Jean Perrin, 56000, Vannes France",+33 2 97 68 18 79, Open now: ,103,4.0,3.5,4.0,4.0,3.0,"Lunch, Dinner","Reservations, Seating, Wheelchair Accessible, Serves Alcohol, Full Bar, Table Service",French,,,
Les Nenettes,https://www.tripadvisor.in//Restaurant_Review-g196537-d10258509-Reviews-Les_Nenettes-Vannes_Morbihan_Brittany.html,"4 Place des Lices Halles Des Lices, 56000, Vannes France",+33 7 87 00 15 17, Closed now: ,30,5.0,5.0,5.0,5.0,,"Breakfast, Lunch, Drinks",Wheelchair Accessible,,,5.0,14.0
Cafe de la Poissonnerie,https://www.tripadvisor.in//Restaurant_Review-g196537-d4752958-Reviews-Cafe_de_la_Poissonnerie-Vannes_Morbihan_Brittany.html,"21 Place de la Poissonnerie, 56000, Vannes France",+33 2 97 47 15 58, Closed now: ,91,4.0,4.0,3.5,4.5,4.0,"Lunch, Dinner","Outdoor Seating, Seating, Serves Alcohol, Table Service",French,,,
Saveurs Orientales,https://www.tripadvisor.in//Restaurant_Review-g196537-d21196991-Reviews-Saveurs_Orientales-Vannes_Morbihan_Brittany.html,"16 rue Hoche, 56000, Vannes France",+33 9 88 40 00 19,,22,4.5,4.5,4.0,4.5,,"Dinner, Lunch","Reservations, Seating, Table Service","Lebanese, Middle Eastern, Cuban, Healthy, Caribbean, Mediterranean",,,
DeDaLe Rive Gauche,https://www.tripadvisor.in//Restaurant_Review-g196537-d15002507-Reviews-DeDaLe_Rive_Gauche-Vannes_Morbihan_Brittany.html,"8 rue du Commerce, 56000, Vannes France",Improve this listing, Closed now: ,34,4.5,,4.5,5.0,,,"Seating, Serves Alcohol","Bar, Cafe",,,
Bistrot Makan,https://www.tripadvisor.in//Restaurant_Review-g196537-d26681184-Reviews-Bistrot_Makan-Vannes_Morbihan_Brittany.html,,,,0,,,,,,,,,,,
Brasserie des Halles,https://www.tripadvisor.in//Restaurant_Review-g196537-d1882785-Reviews-Brasserie_des_Halles-Vannes_Morbihan_Brittany.html,"9 rue des Halles, 56000, Vannes France",+33 2 97 54 08 34, Closed now: ,875,3.5,3.5,3.5,3.5,3.5,"Lunch, Dinner, After-hours","Reservations, Outdoor Seating, Seating, Highchairs Available, Serves Alcohol, Accepts Credit Cards, Table Service","French, European",,,
Brasserie Edgar,https://www.tripadvisor.in//Restaurant_Review-g196537-d1208881-Reviews-Brasserie_Edgar-Vannes_Morbihan_Brittany.html,"Parc du Golfe 19 rue Daniel Gilard, 56000, Vannes France",+33 2 97 40 68 08, Closed now: ,315,3.5,3.5,4.0,3.5,3.5,"Lunch, Dinner","Reservations, Outdoor Seating, Seating, Parking Available, Highchairs Available, Wheelchair Accessible, Serves Alcohol, Full Bar, Free Wifi, Table Service","French, Bar, European",,,
L'ottoman,https://www.tripadvisor.in//Restaurant_Review-g196537-d10033352-Reviews-L_ottoman-Vannes_Morbihan_Brittany.html,"61 B rue du Vincin, 56000, Vannes France",+33 2 97 44 84 59,,29,4.5,5.0,5.0,5.0,,"Lunch, Dinner","Takeout, Seating, Wheelchair Accessible, Reservations, Table Service","Fast food, Turkish, Middle Eastern",,,
L'Oriental,https://www.tripadvisor.in//Restaurant_Review-g196537-d9734315-Reviews-L_Oriental-Vannes_Morbihan_Brittany.html,"60 avenue de Verdun, 56000, Vannes France",+33 9 84 28 75 52, Closed now: ,64,4.0,4.5,4.5,4.5,,,,"Moroccan, Middle Eastern, Mediterranean, Egyptian",Halal,5.0,30.0
Francois,https://www.tripadvisor.in//Restaurant_Review-g196537-d21140179-Reviews-Francois-Vannes_Morbihan_Brittany.html,"6 Place des Lices, 56000, Vannes France",+33 6 75 77 87 53,,29,4.5,5.0,4.5,4.5,,,,French,,,
O' Petit Gout de,https://www.tripadvisor.in//Restaurant_Review-g196537-d14180831-Reviews-O_Petit_Gout_de-Vannes_Morbihan_Brittany.html,,,,0,,,,,,,,,,,
Le Cardinal,https://www.tripadvisor.in//Restaurant_Review-g196537-d23557859-Reviews-Le_Cardinal-Vannes_Morbihan_Brittany.html,,,,0,,,,,,,,,,,
Roadside Vannes,https://www.tripadvisor.in//Restaurant_Review-g196537-d17451996-Reviews-Roadside_Vannes-Vannes_Morbihan_Brittany.html,"135 avenue de la Marne, 56000, Vannes France",+33 2 97 41 43 83, Open now: ,65,4.0,3.5,3.5,3.5,,"Lunch, Dinner, Drinks",,"American, Fast food",,5.0,12.0
Les Potes au Feu,https://www.tripadvisor.in//Restaurant_Review-g196537-d6482181-Reviews-Les_Potes_au_Feu-Vannes_Morbihan_Brittany.html,"7 B rue d Alsace, 56000, Vannes France",+33 9 66 87 15 80, Closed now: ,56,4.5,4.5,4.0,4.0,,,,French,"Vegan Options, Vegetarian Friendly, Gluten Free Options",9.0,18.0
LE PIRENN,https://www.tripadvisor.in//Restaurant_Review-g196537-d5500911-Reviews-LE_PIRENN-Vannes_Morbihan_Brittany.html,,,,0,,,,,,,,,,,
Citron Et Melon D'eau,https://www.tripadvisor.in//Restaurant_Review-g196537-d21233594-Reviews-Citron_Et_Melon_D_eau-Vannes_Morbihan_Brittany.html,"8 rue Saint Nicolas, 56000, Vannes France",Improve this listing,,23,4.5,5.0,5.0,4.5,,Lunch,"Seating, Table Service, Reservations","French, Contemporary",,,
Be Good'n Burger,https://www.tripadvisor.in//Restaurant_Review-g196537-d19841429-Reviews-Be_Good_n_Burger-Vannes_Morbihan_Brittany.html,"18 rue Saint Patern, 56000, Vannes France",+33 2 97 47 85 33,,31,,,,,,"Lunch, Dinner, After-hours, Drinks","Reservations, Seating, Table Service",American,,,
La Saigonnaise,https://www.tripadvisor.in//Restaurant_Review-g196537-d1331671-Reviews-La_Saigonnaise-Vannes_Morbihan_Brittany.html,,,,0,,,,,,,,,,,
La Belle Epoque,https://www.tripadvisor.in//Restaurant_Review-g196537-d25045467-Reviews-La_Belle_Epoque-Vannes_Morbihan_Brittany.html,"3 rue Henri Navier Luscanen, 56000, Vannes France",Improve this listing, Open now: ,20,4.5,4.0,4.0,3.5,4.0,"Lunch, Dinner","Reservations, Seating, Accepts Credit Cards, Table Service",French,,,
Poissonnerie du port,https://www.tripadvisor.in//Restaurant_Review-g196537-d26305653-Reviews-Poissonnerie_du_port-Vannes_Morbihan_Brittany.html,"10 Rue Carnot, 56000, Vannes France",+33 9 81 25 17 07,,11,5.0,5.0,4.5,5.0,5.0,"Lunch, Dinner, After-hours, Drinks",,"Seafood, Diner",,,
L'antidote,https://www.tripadvisor.in//Restaurant_Review-g196537-d23599862-Reviews-L_antidote-Vannes_Morbihan_Brittany.html,,,,0,,,,,,,,,,,
L'iberico,https://www.tripadvisor.in//Restaurant_Review-g196537-d23486744-Reviews-L_iberico-Vannes_Morbihan_Brittany.html,,,,0,,,,,,,,,,,
Au P'tit Marmiton,https://www.tripadvisor.in//Restaurant_Review-g1158736-d12326787-Reviews-Au_P_tit_Marmiton-Ploeren_Vannes_Morbihan_Brittany.html,,,,0,,,,,,,,,,,
La Boucherie,https://www.tripadvisor.in//Restaurant_Review-g196537-d3571094-Reviews-La_Boucherie-Vannes_Morbihan_Brittany.html,"Rue Gay Lussac, 56000, Vannes France",+33 2 97 46 03 04, Closed now: ,331,3.5,3.5,3.5,3.5,3.0,"Lunch, Dinner, After-hours","Reservations, Outdoor Seating, Seating, Parking Available, Validated Parking, Highchairs Available, Wheelchair Accessible, Serves Alcohol, Full Bar, Free Wifi, Accepts Credit Cards, Table Service","French, Steakhouse, Bar, Grill",,,
Crapule,https://www.tripadvisor.in//Restaurant_Review-g196537-d26250325-Reviews-Crapule-Vannes_Morbihan_Brittany.html,"3, Rue Porte Poterne, 56000, Vannes France",0981472019,,16,4.5,4.5,4.5,4.5,,"Lunch, Dinner, After-hours, Drinks","Reservations, Table Service",French,,,
Cafe Ferdinand,https://www.tripadvisor.in//Restaurant_Review-g196537-d20317060-Reviews-Cafe_Ferdinand-Vannes_Morbihan_Brittany.html,,,,0,,,,,,,,,,,
Kuta,https://www.tripadvisor.in//Restaurant_Review-g196537-d17440890-Reviews-Kuta-Vannes_Morbihan_Brittany.html,,,,0,,,,,,,,,,,
Le Cafe de Conleau,https://www.tripadvisor.in//Restaurant_Review-g196537-d3534706-Reviews-Le_Cafe_de_Conleau-Vannes_Morbihan_Brittany.html,"10 allee des Freres Cadoret Presqu'ile de Conleau, 56000, Vannes France",+33 2 97 63 47 47, Closed now: ,402,3.5,3.5,3.5,3.5,3.0,"Lunch, Dinner","Reservations, Outdoor Seating, Seating, Parking Available, Validated Parking, Highchairs Available, Wheelchair Accessible, Serves Alcohol, Full Bar, Table Service","French, European",,,
Le Quatre - Le 4,https://www.tripadvisor.in//Restaurant_Review-g196537-d4680266-Reviews-Le_Quatre_Le_4-Vannes_Morbihan_Brittany.html,"3 Place Henri IV, 56000, Vannes France",+33 2 97 47 58 09,,324,3.5,3.5,3.5,3.5,3.0,"Lunch, Dinner",,"French, European",Vegetarian Friendly,,
Columbus Cafe & Co,https://www.tripadvisor.in//Restaurant_Review-g196537-d8498724-Reviews-Columbus_Cafe_Co-Vannes_Morbihan_Brittany.html,"11, Rue Du Mene, 56000, Vannes France",+33 2 97 60 09 07, Open now: ,43,4.0,4.5,4.5,4.0,,"Breakfast, Lunch",,Cafe,,4.0,8.0
Le Chatelet,https://www.tripadvisor.in//Restaurant_Review-g196537-d25275281-Reviews-Le_Chatelet-Vannes_Morbihan_Brittany.html,"27 rue des Halles, 56000, Vannes France",Improve this listing,,8,,,,,,,Reservations,French,,,
Cap Ouest,https://www.tripadvisor.in//Restaurant_Review-g196537-d3534178-Reviews-Cap_Ouest-Vannes_Morbihan_Brittany.html,,,,0,,,,,,,,,,,
Cote Patio,https://www.tripadvisor.in//Restaurant_Review-g196537-d4088206-Reviews-Cote_Patio-Vannes_Morbihan_Brittany.html,"6 Place de la Liberation Entrée par le sas de l'hôtel, 56000, Vannes France",+33 2 97 63 20 20, Closed now: ,44,4.0,4.0,4.0,3.5,,"Dinner, Breakfast, Drinks",,"Bar, European, Contemporary",,10.0,32.0
Le gwened,https://www.tripadvisor.in//Restaurant_Review-g196537-d5800189-Reviews-Le_gwened-Vannes_Morbihan_Brittany.html,"Kerluherne, 56000, Vannes France",+33 2 90 73 33 32, Open now: ,21,4.5,4.0,4.5,4.5,,"Lunch, Dinner","Reservations, Seating, Wheelchair Accessible, Table Service",French,,,
A l'Aise Breizh Cafe,https://www.tripadvisor.in//Restaurant_Review-g196537-d1860175-Reviews-A_l_Aise_Breizh_Cafe-Vannes_Morbihan_Brittany.html,"4 rue du Commerce Port de Plaisance, 56000, Vannes France",+33 2 97 68 15 89, Open now: ,673,3.5,3.5,3.5,3.5,3.5,"Lunch, Dinner, Brunch, After-hours, Drinks",,"French, Bar, European",,11.0,29.0
Saveurs du Monde,https://www.tripadvisor.in//Restaurant_Review-g1158736-d6019882-Reviews-Saveurs_du_Monde-Ploeren_Vannes_Morbihan_Brittany.html,"7, avenue Eric Tabarly, 56880 Ploeren, Vannes France",+33 2 97 61 12 55,,17,4.5,5.0,5.0,4.5,,"Lunch, Dinner","Takeout, Reservations, Seating, Wheelchair Accessible, Table Service","Middle Eastern, Afghan",,,
Restaurant Vietnamien Huế,https://www.tripadvisor.in//Restaurant_Review-g196537-d26125568-Reviews-Restaurant_Vietnamien_Hu-Vannes_Morbihan_Brittany.html,"35 Rue Marechal Leclerc, 56000, Vannes France",+33 2 97 67 98 51, Closed now: ,8,,,,,,"Lunch, Dinner","Reservations, Takeout, Serves Alcohol, Wine and Beer, Accepts Visa, Accepts Credit Cards, Table Service, Dog Friendly",Vietnamese,,,
LeYeti,https://www.tripadvisor.in//Restaurant_Review-g196537-d4256062-Reviews-LeYeti-Vannes_Morbihan_Brittany.html,"78 boulevard de la Paix, 56000, Vannes France",+33 7 66 67 88 05, Closed now: ,100,3.5,3.5,3.5,3.0,,"Dinner, After-hours, Drinks",,French,,19.0,28.0
Le Rest’O,https://www.tripadvisor.in//Restaurant_Review-g196537-d24014387-Reviews-Le_Rest_O-Vannes_Morbihan_Brittany.html,"4 rue Aristide Boucicaut, 56000, Vannes France",+33 2 97 01 00 32, Closed now: ,15,,,,,,"Dinner, Lunch","Reservations, Seating, Table Service, Parking Available, Validated Parking, Highchairs Available, Wheelchair Accessible, Accepts Mastercard, Accepts Visa, Accepts Credit Cards, Playgrounds, Dog Friendly, Family style",French,,,
Tablapizza,https://www.tripadvisor.in//Restaurant_Review-g196537-d3859268-Reviews-Tablapizza-Vannes_Morbihan_Brittany.html,,,,0,,,,,,,,,,,
Dans Un Autre Monde,https://www.tripadvisor.in//Restaurant_Review-g196537-d5865713-Reviews-Dans_Un_Autre_Monde-Vannes_Morbihan_Brittany.html,"6 rue de l Etang, 56000, Vannes France",+33 2 97 47 81 66, Closed now: ,12,,,,,,Dinner,,"Bar, Pub",,,
Cafe Arthur,https://www.tripadvisor.in//Restaurant_Review-g196537-d15051913-Reviews-Cafe_Arthur-Vannes_Morbihan_Brittany.html,,,,0,,,,,,,,,,,
Alain Chartier Glacier,https://www.tripadvisor.in//Restaurant_Review-g196537-d23031633-Reviews-Alain_Chartier_Glacier-Vannes_Morbihan_Brittany.html,"25 Place des Lices, 56000, Vannes France",+33 2 97 01 93 78,,14,,,,,,,,French,,,
Cook'si,https://www.tripadvisor.in//Restaurant_Review-g196537-d23987104-Reviews-Cook_si-Vannes_Morbihan_Brittany.html,,,,0,,,,,,,,,,,
Yamu Cuisine + Foodstore,https://www.tripadvisor.in//Restaurant_Review-g196537-d21173902-Reviews-Yamu_Cuisine_Foodstore-Vannes_Morbihan_Brittany.html,"25 avenue Saint Symphorien, 56000, Vannes France",+33 2 97 68 58 19,Closes in 11 min:  See all hours,8,,,,,,"Breakfast, Lunch, Drinks",,"Italian, Spanish, Asian, Middle Eastern",,12.0,22.0
Le Bayou,https://www.tripadvisor.in//Restaurant_Review-g1158736-d8300177-Reviews-Le_Bayou-Ploeren_Vannes_Morbihan_Brittany.html,,,,0,,,,,,,,,,,
Le 12,https://www.tripadvisor.in//Restaurant_Review-g196537-d23278182-Reviews-Le_12_14-Vannes_Morbihan_Brittany.html,"4 rue Alfred Kastler, 56000, Vannes France",+33 6 25 67 36 20, Closed now: ,11,,,,,,"Lunch, Dinner","Reservations, Seating, Accepts Credit Cards, Table Service",French,,,
S7ven,https://www.tripadvisor.in//Restaurant_Review-g196537-d19655634-Reviews-S7ven-Vannes_Morbihan_Brittany.html,"7 rue Lepine, 56000, Vannes France",+33 2 97 41 66 85, Closed now: ,15,,,,,,"Lunch, Breakfast, Dinner, After-hours, Drinks","Reservations, Seating, Table Service, Takeout, Outdoor Seating, Private Dining, Parking Available, Street Parking, Validated Parking, Television, Highchairs Available, Serves Alcohol, Wine and Beer, Accepts Visa, Accepts Credit Cards, Family style, Sports bars","Mediterranean, Spanish, Dining bars",,,
Breizh Pizza Cliscouet Vannes,https://www.tripadvisor.in//Restaurant_Review-g196537-d8757612-Reviews-Breizh_Pizza_Cliscouet_Vannes-Vannes_Morbihan_Brittany.html,"8 avenue de Suffren, 56000, Vannes France",+33 2 97 40 87 88,,13,,,,,,Dinner,,"Italian, Pizza",,5.0,13.0
Piou Piou,https://www.tripadvisor.in//Restaurant_Review-g196537-d15207628-Reviews-Piou_Piou-Vannes_Morbihan_Brittany.html,"10 rue du Docteur Joseph Audic, 56000, Vannes France",+33 2 97 13 08 77,,10,4.5,4.5,4.5,4.5,,,Reservations,French,,,
La Petite Vitesse,https://www.tripadvisor.in//Restaurant_Review-g196537-d11993828-Reviews-La_Petite_Vitesse-Vannes_Morbihan_Brittany.html,,,,0,,,,,,,,,,,
Brooklyn Cafe,https://www.tripadvisor.in//Restaurant_Review-g196537-d4240831-Reviews-Brooklyn_Cafe-Vannes_Morbihan_Brittany.html,"14 rue Jacques Rueff Atlanville, 56000, Vannes France",+33 2 97 46 27 15, Open now: ,106,3.5,3.5,3.5,3.5,4.0,"Dinner, Lunch","Seating, Wheelchair Accessible, Free Wifi, Accepts Credit Cards, Table Service, Reservations, Serves Alcohol",American,,,
Japan Cafe,https://www.tripadvisor.in//Restaurant_Review-g196537-d17781479-Reviews-Japan_Cafe-Vannes_Morbihan_Brittany.html,"16 rue des Halles, 56000, Vannes France",+33 9 86 75 52 56, Closed now: ,16,4.5,5.0,5.0,4.5,,Drinks,,"Cafe, Japanese sweets parlour",,4.0,6.0
Creperie de La Tour Trompette,https://www.tripadvisor.in//Restaurant_Review-g196537-d3411180-Reviews-Creperie_de_La_Tour_Trompette-Vannes_Morbihan_Brittany.html,"4, Rue Venelle, 56000, Vannes France",+33 2 97 47 15 12, Closed now: ,884,3.5,3.5,3.5,3.0,3.0,"Lunch, Dinner, After-hours","Reservations, Outdoor Seating, Seating, Highchairs Available, Serves Alcohol, Accepts Credit Cards, Table Service","French, European",,,
Les Toques du Bocal,https://www.tripadvisor.in//Restaurant_Review-g196537-d19921261-Reviews-Les_Toques_du_Bocal-Vannes_Morbihan_Brittany.html,"2 rue Lepine Parc Lann, 56000, Vannes France",+33 9 83 20 41 51,,9,,,,,,,Reservations,,,,
La Glaneuse,https://www.tripadvisor.in//Restaurant_Review-g196537-d23550381-Reviews-La_Glaneuse-Vannes_Morbihan_Brittany.html,"10 rue Carnot, 56000, Vannes France",+33 2 97 68 82 15, Closed now: ,7,,,,,,"Breakfast, Lunch, Brunch, Drinks","Takeout, Reservations, Outdoor Seating, Street Parking, Wheelchair Accessible, Accepts Mastercard, Accepts Visa, Free Wifi, Accepts Credit Cards, Table Service, Dog Friendly",French,,,
La Bicyclette,https://www.tripadvisor.in//Restaurant_Review-g196537-d7017412-Reviews-La_Bicyclette-Vannes_Morbihan_Brittany.html,"6 allee Gabriel Lippmann, 56000, Vannes France",+33 2 97 42 40 55,,32,4.0,4.5,4.5,4.0,,Lunch,,French,Vegetarian Friendly,,
Les Josephine,https://www.tripadvisor.in//Restaurant_Review-g196537-d24110181-Reviews-Les_Josephine-Vannes_Morbihan_Brittany.html,"8 rue des Orfevres, 56000, Vannes France",+33 2 97 47 28 18, Closed now: ,41,3.5,3.5,3.5,3.5,,"Dinner, Lunch","Reservations, Seating, Table Service",French,,,
Le Comptoir De Jeanne,https://www.tripadvisor.in//Restaurant_Review-g196537-d23966903-Reviews-Le_Comptoir_De_Jeanne-Vannes_Morbihan_Brittany.html,"6 Place du Poids Public, 56000, Vannes France",+33 2 97 47 29 18, Closed now: ,32,3.5,3.5,4.5,3.5,,"Lunch, Dinner","Reservations, Seating, Accepts Credit Cards, Table Service","French, Seafood, European",,,
Les valseuses,https://www.tripadvisor.in//Restaurant_Review-g196537-d10342667-Reviews-Les_valseuses-Vannes_Morbihan_Brittany.html,"12 rue de la Porte Poterne, 56000, Vannes France",+33 2 97 26 86 15,,49,4.0,3.5,3.5,4.0,,,"Seating, Serves Alcohol, Accepts Credit Cards","French, Pub",,,
Flunch,https://www.tripadvisor.in//Restaurant_Review-g196537-d12124139-Reviews-Flunch-Vannes_Morbihan_Brittany.html,"Rue Aristide Boucicaut Centre Commercial Leclerc, 56000, Vannes France",+33 2 97 46 61 77, Open now: ,50,3.5,3.5,4.0,3.5,,"Lunch, Dinner",,French,,11.0,20.0
Pizza Deluda,https://www.tripadvisor.in//Restaurant_Review-g196537-d24088868-Reviews-Pizza_Deluda-Vannes_Morbihan_Brittany.html,"Esplanade Jean Bertho Rue Guillaume Le Bartz, 56000, Vannes France",+33 7 65 66 29 94, Closed now: ,6,,,,,,Dinner,,"Italian, Pizza",,,
Le Molux,https://www.tripadvisor.in//Restaurant_Review-g196537-d26686197-Reviews-Le_Molux-Vannes_Morbihan_Brittany.html,"28 Rue Du Port, 56000, Vannes France",0297474834, Closed now: ,5,,,,,,"Lunch, Dinner","Takeout, Reservations, Outdoor Seating, Seating, Highchairs Available, Wheelchair Accessible, Serves Alcohol, Accepts Mastercard, Dog Friendly",Seafood,,,
TY Prat,https://www.tripadvisor.in//Restaurant_Review-g196537-d7189013-Reviews-TY_Prat-Vannes_Morbihan_Brittany.html,,,,0,,,,,,,,,,,
Le Petit Marmiton,https://www.tripadvisor.in//Restaurant_Review-g1158736-d3687346-Reviews-Le_Petit_Marmiton-Ploeren_Vannes_Morbihan_Brittany.html,"Zone D Activite de Luscanen, 56880 Ploeren, Vannes France",+33 2 97 46 43 38,,14,4.0,3.5,4.0,3.5,,"Lunch, Dinner","Reservations, Seating, Table Service, Wheelchair Accessible",French,,,
Le Palais Du Tajmahal,https://www.tripadvisor.in//Restaurant_Review-g196537-d25078433-Reviews-Le_Palais_Du_Tajmahal-Vannes_Morbihan_Brittany.html,"11 rue de la Fontaine 11, 56000, Vannes France",Improve this listing,,4,,,,,,,,Indian,,,
Le Bistrot de la Gare,https://www.tripadvisor.in//Restaurant_Review-g196537-d7239464-Reviews-Le_Bistrot_de_la_Gare-Vannes_Morbihan_Brittany.html,"28 avenue Favrel Et Lincy Station, 56000, Vannes France",+33 2 97 62 03 08, Closed now: ,63,3.5,3.5,3.5,3.5,,"Lunch, Dinner","Accepts Mastercard, Accepts Visa, Reservations, Seating, Full Bar, Serves Alcohol, Accepts Credit Cards, Table Service",French,,,
Campanile Vannes Restaurant,https://www.tripadvisor.in//Restaurant_Review-g196537-d6702580-Reviews-Campanile_Vannes_Restaurant-Vannes_Morbihan_Brittany.html,"Zac du Chapeau Rouge, 56000, Vannes France",+33 2 97 45 55 19, Closed now: ,43,3.5,3.0,3.5,3.0,,"Breakfast, Lunch, Dinner","Reservations, Seating, Wheelchair Accessible, Serves Alcohol, Table Service",French,,,
Brochettes d'Or,https://www.tripadvisor.in//Restaurant_Review-g196537-d6362959-Reviews-Brochettes_d_Or-Vannes_Morbihan_Brittany.html,"2 Place Maurice Marchais, 56000, Vannes France",+33 2 97 60 34 12,,20,4.0,4.0,4.5,4.0,,"Lunch, Dinner","Takeout, Seating, Table Service, Reservations","Fast food, Turkish, Middle Eastern",,,
Le Cafe D'eleonore - Jean Galloyer,https://www.tripadvisor.in//Restaurant_Review-g1158736-d21088858-Reviews-Le_Cafe_D_eleonore_Jean_Galloyer-Ploeren_Vannes_Morbihan_Brittany.html,"14b Avenue Louis De Cadoudal Ploeren, 56880 Ploeren, Vannes France",Improve this listing,,4,,,,,,,,French,,,
La table de Nicole,https://www.tripadvisor.in//Restaurant_Review-g1158736-d6581219-Reviews-La_table_de_Nicole-Ploeren_Vannes_Morbihan_Brittany.html,"22 rue des 2 Moulins, 56880 Ploeren, Vannes France",+33 2 97 62 34 10, Open now: ,8,4.0,4.0,4.0,4.0,,"Lunch, Dinner, Drinks","Wheelchair Accessible, Serves Alcohol, Delivery, Outdoor Seating, Parking Available, Validated Parking, Free off-street parking, Highchairs Available, Wine and Beer, Accepts Mastercard, Accepts Visa, Digital Payments, Free Wifi, Accepts Credit Cards, Family style",,,11.0,20.0
La Comida,https://www.tripadvisor.in//Restaurant_Review-g196537-d15003428-Reviews-La_Comida-Vannes_Morbihan_Brittany.html,"4 Place des Lices, 56000, Vannes France",+33 6 09 98 60 62,,8,,,,,,,Reservations,Mexican,,,
L'Odyssee des Sens,https://www.tripadvisor.in//Restaurant_Review-g196537-d12475160-Reviews-L_Odyssee_des_Sens-Vannes_Morbihan_Brittany.html,,,,0,,,,,,,,,,,
Bar de la Compagnie,https://www.tripadvisor.in//Restaurant_Review-g196537-d8562052-Reviews-Bar_de_la_Compagnie-Vannes_Morbihan_Brittany.html,"95 avenue de la Marne Centre Commercial Carrefour Vannes, Zone de Fourchene, 56000, Vannes France",+33 2 97 63 50 92,,49,3.5,3.5,3.5,3.5,,"Lunch, Dinner","Seating, Wheelchair Accessible, Table Service, Reservations, Serves Alcohol",French,,,
Satake,https://www.tripadvisor.in//Restaurant_Review-g196537-d6404130-Reviews-Satake-Vannes_Morbihan_Brittany.html,"35 rue du Marechal Leclerc, 56000, Vannes France",Improve this listing,,52,3.5,4.0,3.0,4.0,,"Dinner, Lunch","Delivery, Takeout, Seating, Reservations, Serves Alcohol","Japanese, Sushi, Asian",,,
Hippopotamus,https://www.tripadvisor.in//Restaurant_Review-g196537-d2623225-Reviews-Hippopotamus-Vannes_Morbihan_Brittany.html,,,,0,,,,,,,,,,,
La Huche a Pain,https://www.tripadvisor.in//Restaurant_Review-g196537-d12694727-Reviews-La_Huche_a_Pain-Vannes_Morbihan_Brittany.html,"2 rue du Capitaine Jude Rond Point du Palais des Arts, 56000, Vannes France",+33 2 97 47 89 05,,20,4.0,4.5,3.5,4.0,,Breakfast,Takeout,,,,
Bistrot St Edouard,https://www.tripadvisor.in//Restaurant_Review-g196537-d8119661-Reviews-Bistrot_St_Edouard-Vannes_Morbihan_Brittany.html,"15 rue Aristide Boucicaut Galerie Ccial Leclerc Kerlann, 56000, Vannes France",+33 2 97 63 83 45, Open now: ,60,3.5,3.0,3.5,3.0,,"Lunch, Drinks",,"French, Bar, Pub",,8.0,23.0
Ladid food,https://www.tripadvisor.in//Restaurant_Review-g196537-d19905346-Reviews-Ladid_food-Vannes_Morbihan_Brittany.html,,,,0,,,,,,,,,,,
Le Tarmac,https://www.tripadvisor.in//Restaurant_Review-g196537-d7310564-Reviews-Le_Tarmac-Vannes_Morbihan_Brittany.html,"25 rue Ferdinand le Dressay, 56000, Vannes France",+33 2 97 47 58 27, Open now: ,319,3.0,3.0,3.0,2.5,,"Lunch, Dinner, Drinks","Reservations, Outdoor Seating, Seating, Wheelchair Accessible, Serves Alcohol, Full Bar, Table Service","French, Bar, European",,,
La Fine Bouche,https://www.tripadvisor.in//Restaurant_Review-g1158736-d6575276-Reviews-La_Fine_Bouche-Ploeren_Vannes_Morbihan_Brittany.html,"Direction le Bourg-Rue Guernehue, 56880 Ploeren, Vannes France",Improve this listing,,10,,,,,,Dinner,,"Italian, Pizza, Seafood",,,
Aden,https://www.tripadvisor.in//Restaurant_Review-g196537-d25371147-Reviews-Aden-Vannes_Morbihan_Brittany.html,"25 rue du marechal leclerc, 56000, Vannes France",Improve this listing,,3,,,,,,"Lunch, Dinner",,"Philippine, Pizza, Mediterranean, Asian, Turkish, Diner",,,
Mercure Hotel,https://www.tripadvisor.in//Restaurant_Review-g196537-d6947174-Reviews-Mercure_Hotel-Vannes_Morbihan_Brittany.html,,,,0,,,,,,,,,,,
L'Express Kebab,https://www.tripadvisor.in//Restaurant_Review-g196537-d12172732-Reviews-L_Express_Kebab-Vannes_Morbihan_Brittany.html,"80 avenue du 4 Aout 1944, 56000, Vannes France",+33 9 54 66 52 20,,16,,,,,,,"Seating, Table Service","Fast food, Turkish, Middle Eastern",,2.0,15.0
Lily Sushi,https://www.tripadvisor.in//Restaurant_Review-g196537-d24063595-Reviews-Lily_Sushi-Vannes_Morbihan_Brittany.html,"16 rue du Port, 56000, Vannes France",+33 6 95 88 97 10, Closed now: ,3,,,,,,Dinner,,Japanese,,,
L'as Du Kebab,https://www.tripadvisor.in//Restaurant_Review-g196537-d21182583-Reviews-L_as_Du_Kebab-Vannes_Morbihan_Brittany.html,"1 Avenue Du President Wilson, 56000, Vannes France",+33 2 90 73 84 58, Closed now: ,4,,,,,,"Lunch, Dinner",,"French, Turkish",,5.0,15.0
Le Saint-Nicolas,https://www.tripadvisor.in//Restaurant_Review-g196537-d4825682-Reviews-Le_Saint_Nicolas-Vannes_Morbihan_Brittany.html,"31 rue Francis Decker, 56000, Vannes France",+33 2 97 54 03 00, Open now: ,53,3.5,3.5,3.5,3.5,,"Lunch, Breakfast","Reservations, Seating, Wheelchair Accessible, Serves Alcohol, Accepts Credit Cards, Table Service","French, Bar, Pub",,,
Creperie Les Josephine,https://www.tripadvisor.in//Restaurant_Review-g196537-d26353384-Reviews-Creperie_Les_Josephine-Vannes_Morbihan_Brittany.html,"8 Rue des Orfevres, Vannes France",Improve this listing,,7,,,,,,,,French,,,
Le Restaurant Ibis Vannes,https://www.tripadvisor.in//Restaurant_Review-g196537-d12600187-Reviews-Le_Restaurant_Ibis_Vannes-Vannes_Morbihan_Brittany.html,"31 rue Henri Matisse Quartier de Menimur ibis Vannes, 56000, Vannes France",+33 2 97 63 61 11,,6,,,,,,,,International,,,
Tika kabab,https://www.tripadvisor.in//Restaurant_Review-g196537-d26545417-Reviews-Tika_kabab-Vannes_Morbihan_Brittany.html,,,,0,,,,,,,,,,,
Restaurant La Boucherie,https://www.tripadvisor.in//Restaurant_Review-g196537-d25006119-Reviews-Restaurant_La_Boucherie-Vannes_Morbihan_Brittany.html,"Rue Du, Rue Gay Lussac, 56000, Vannes France",+33 2 97 46 03 04,,3,,,,,,,,French,,,
Kahina Restaurant Berbere,https://www.tripadvisor.in//Restaurant_Review-g196537-d26307878-Reviews-Kahina_Restaurant_Berbere-Vannes_Morbihan_Brittany.html,"19 Rue De La Fontaine, 56000 , Vannes France",+33 9 88 00 88 98,,2,,,,,,"Lunch, Dinner",,"Moroccan, Mediterranean, Tunisian, Algerian",,,
Le Djurdjura,https://www.tripadvisor.in//Restaurant_Review-g196537-d20258565-Reviews-Le_Djurdjura-Vannes_Morbihan_Brittany.html,"47 rue du Marechal Leclerc, 56000, Vannes France",+33 2 97 45 05 43,,5,,,,,,,,,,,
Vabene,https://www.tripadvisor.in//Restaurant_Review-g196537-d17752154-Reviews-Vabene-Vannes_Morbihan_Brittany.html,"13 B rue Hoche, 56000, Vannes France",+33 2 97 69 61 04,,4,,,,,,,,Italian,,9.0,15.0
L'Entract',https://www.tripadvisor.in//Restaurant_Review-g196537-d1331885-Reviews-L_Entract-Vannes_Morbihan_Brittany.html,"138 rue Alain Gerbault, 56000, Vannes France",+33 2 97 42 56 24, Closed now: ,31,3.5,3.5,4.0,3.5,3.5,Lunch,"Reservations, Seating, Serves Alcohol, Table Service, Wheelchair Accessible",French,,,
Cafe Restaurant Le 67,https://www.tripadvisor.in//Restaurant_Review-g196537-d11841501-Reviews-Cafe_Restaurant_Le_67-Vannes_Morbihan_Brittany.html,"67 rue Anita Conti, 56000, Vannes France",+33 9 51 33 63 84, Open now: ,4,,,,,,"Breakfast, Lunch, Dinner",,,,,
Bar de L'Hotel de Ville,https://www.tripadvisor.in//Restaurant_Review-g196537-d10832799-Reviews-Bar_de_L_Hotel_de_Ville-Vannes_Morbihan_Brittany.html,,,,0,,,,,,,,,,,
Fika Pauses Gourmandes,https://www.tripadvisor.in//Restaurant_Review-g196537-d17932570-Reviews-Fika_Pauses_Gourmandes-Vannes_Morbihan_Brittany.html,,,,0,,,,,,,,,,,
Domino's Pizza,https://www.tripadvisor.in//Restaurant_Review-g196537-d15289837-Reviews-Domino_s_Pizza-Vannes_Morbihan_Brittany.html,"51 boulevard de la Paix, 56000, Vannes France",+33 2-97-69-21-21, Closed now: ,6,,,,,,"Lunch, Dinner",,"French, Italian",,5.0,10.0
-1960 Evenements,https://www.tripadvisor.in//Restaurant_Review-g196537-d10178222-Reviews-1960_Evenements-Vannes_Morbihan_Brittany.html,"10 rue Camille Saint Saens, 56000, Vannes France",+33 6 51 52 16 76,,2,,,,,,,,French,,3.0,10.0
Empreinte,https://www.tripadvisor.in//Restaurant_Review-g196537-d26358611-Reviews-Empreinte-Vannes_Morbihan_Brittany.html,"15  Place Valencia, Vannes France",+33 2 97 46 06 42, Closed now: ,1,,,,,,"Lunch, Dinner",,"French, Healthy, Indigenous",,,
Bar Brasserie Le Fourchene,https://www.tripadvisor.in//Restaurant_Review-g196537-d19891840-Reviews-Bar_Brasserie_Le_Fourchene-Vannes_Morbihan_Brittany.html,"Rue du Vincin, 56000, Vannes France",+33 2 97 63 10 28,,2,,,,,,,,,,,
Bret'On Pizza,https://www.tripadvisor.in//Restaurant_Review-g196537-d8755458-Reviews-Bret_On_Pizza-Vannes_Morbihan_Brittany.html,"5 Place de la Madeleine, 56000, Vannes France",+33 2 97 63 02 02,,26,3.5,4.5,4.5,4.0,,Dinner,"Takeout, Delivery, Wheelchair Accessible","Pizza, Italian",,,
Le fournil des 3 rois,https://www.tripadvisor.in//Restaurant_Review-g196537-d19754631-Reviews-Le_fournil_des_3_rois-Vannes_Morbihan_Brittany.html,"181 avenue du 4 Aout 1944, 56000, Vannes France",+33 2 97 42 46 64,,2,,,,,,,,,,,
Delicecafe,https://www.tripadvisor.in//Restaurant_Review-g196537-d23729162-Reviews-Delicecafe-Vannes_Morbihan_Brittany.html,"7 Place des Lices, 56000, Vannes France",+33 2 97 54 23 31,,1,,,,,,,,French,,,
Zizzie Pizza Al Taglio,https://www.tripadvisor.in//Restaurant_Review-g196537-d11793311-Reviews-Zizzie_Pizza_Al_Taglio-Vannes_Morbihan_Brittany.html,"9 rue de la Porte Poterne, 56000, Vannes France",Improve this listing,,9,,,,,,,,"Italian, Pizza",,,
Feel Juice,https://www.tripadvisor.in//Restaurant_Review-g196537-d15003808-Reviews-Feel_Juice-Vannes_Morbihan_Brittany.html,"12 rue Joseph le Brix, 56000, Vannes France",+33 2 97 67 20 30,,5,,,,,,,,Soups,,4.0,15.0
The Pattern,https://www.tripadvisor.in//Restaurant_Review-g196537-d17418036-Reviews-The_Pattern-Vannes_Morbihan_Brittany.html,"20 rue Saint Patern, 56000, Vannes France",0297478544,,20,,,,,,,"Accepts Credit Cards, Reservations, Seating",,,,
Mons,https://www.tripadvisor.in//Restaurant_Review-g196537-d23404197-Reviews-Mons-Vannes_Morbihan_Brittany.html,"2 Place de Mons, 56000, Vannes France",+33 2 97 63 27 92,,3,,,,,,,,"French, Pizza",,,
Le vieux Port,https://www.tripadvisor.in//Restaurant_Review-g196537-d4225449-Reviews-Le_vieux_Port-Vannes_Morbihan_Brittany.html,"Rue du Port, Vannes France",+33 2 97 47 93 93,,96,3.0,3.0,3.5,3.5,3.0,"Lunch, Dinner","Reservations, Seating, Wheelchair Accessible, Serves Alcohol, Table Service, Outdoor Seating",French,,,
Ty Kinoa,https://www.tripadvisor.in//Restaurant_Review-g196537-d23649850-Reviews-Ty_Kinoa-Vannes_Morbihan_Brittany.html,,,,0,,,,,,,,,,,
L'enchanThe,https://www.tripadvisor.in//Restaurant_Review-g196537-d26454891-Reviews-L_enchanThe-Vannes_Morbihan_Brittany.html,"15, place du general  de Gaulle, 56000, Vannes France",+33 2 90 79 94 06,,0,,,,,,"Lunch, Brunch",,"French, Mediterranean",,,
Fabrizio,https://www.tripadvisor.in//Restaurant_Review-g196537-d26688145-Reviews-Fabrizio-Vannes_Morbihan_Brittany.html,"Rue Saint Patern, Vannes France",Improve this listing,,0,,,,,,Dinner,"Outdoor Seating, Seating, Free Wifi, Accepts Credit Cards",Italian,,,
MAMIE PAULETTE,https://www.tripadvisor.in//Restaurant_Review-g196537-d25354239-Reviews-MAMIE_PAULETTE-Vannes_Morbihan_Brittany.html,,,,0,,,,,,,,,,,
Pizzo food,https://www.tripadvisor.in//Restaurant_Review-g196537-d15293544-Reviews-Pizzo_food-Vannes_Morbihan_Brittany.html,"1 Rue Paul Cezanne, 56000, Vannes France",+33 2 97 49 09 31,,0,,,,,,,,"Pizza, Fast food",,5.0,13.0
Cappadoce Restaurant,https://www.tripadvisor.in//Restaurant_Review-g196537-d23701029-Reviews-Cappadoce_Restaurant-Vannes_Morbihan_Brittany.html,"100 Bis Av. Du 4 Aout 1944, 56000 Vannes, 56000, Vannes France",+33 9 84 27 61 74,Opens in 10 min: ,0,,,,,,Dinner,,"Cafe, Barbecue, Turkish",,,
Kusmi Tea | Vannes,https://www.tripadvisor.in//Restaurant_Review-g196537-d23433962-Reviews-Kusmi_Tea_Vannes-Vannes_Morbihan_Brittany.html,"13 rue Saint Vincent, 56000, Vannes France",+33 2-97-44-53-79, Open now: ,0,,,,,,"Lunch, Dinner",,,,,
Francois Kouign Amann - Crepes - Gateaux Breton,https://www.tripadvisor.in//Restaurant_Review-g196537-d26450903-Reviews-Francois_Kouign_Amann_Crepes_Gateaux_Breton-Vannes_Morbihan_Brittany.html,,,,0,,,,,,,,,,,
Ty Vira,https://www.tripadvisor.in//Restaurant_Review-g196537-d26492209-Reviews-Ty_Vira-Vannes_Morbihan_Brittany.html,"11 rue Thiers, 56000, Vannes France",+33 7 86 17 95 71, Closed now: ,0,,,,,,"Lunch, Dinner, Drinks",,"European, Asian",,,
Les Charmettes Quelneuc,https://www.tripadvisor.in//Restaurant_Review-g8737712-d19353042-Reviews-Les_Charmettes_Quelneuc-Quelneuc_Vannes_Morbihan_Brittany.html,"Le Bourg, 56910 Quelneuc, Vannes France",+33 2 99 93 79 75,,0,,,,,,,,French,,,
Buffalo Grill Ploeren,https://www.tripadvisor.in//Restaurant_Review-g1158736-d26842948-Reviews-Buffalo_Grill_Ploeren-Ploeren_Vannes_Morbihan_Brittany.html,"17 Rue Edgar Touffreau Zone de Luscanen, 56880 Ploeren, Vannes France",Improve this listing,,0,,,,,,,,,,,
